dish_id,cuisine_type,course_type,spiciness_level,sweetness_level,saltiness_level,umami_level,flavor_balance_score,texture_rating,aroma_intensity,presentation_score,portion_satisfaction,price,price_category,prep_time_minutes,cook_time_minutes,ingredient_cost,complexity_score,ingredient_availability_score,avg_customer_rating,rating_count,repeat_order_rate,complaint_rate,return_rate,avg_daily_orders,peak_hour_orders,order_growth_rate,menu_visibility_score,performance_tier
IND_1,Indian,Starter,4,1,4,5,6.3,2,4,3,3,214,budget,8,26,85.2,5,2,3.49,46,0.25,0.05,0.05,25,8,0.17,5,successful
IND_2,Indian,Starter,3,1,5,4,6.9,4,2,3,5,321,mid,9,11,141.7,3,2,2.33,79,0.25,0.08,0.03,17,7,-0.09,5,successful
IND_3,Indian,Dessert,3,2,3,3,9.1,4,3,2,2,566,premium,14,7,238.32,1,5,2.92,355,0.45,0.05,0.04,38,19,0.19,2,average
IND_4,Indian,Main,3,1,2,3,7.3,3,3,5,5,413,mid,22,12,159.8,1,3,4.27,442,0.43,0.06,0.03,66,37,0.01,5,successful
IND_5,Indian,Dessert,2,2,2,2,10.0,5,3,4,3,215,budget,22,22,65.05,5,5,4.48,234,0.48,0.18,0.02,51,26,0.28,3,successful
IND_6,Indian,Dessert,5,1,3,2,4.3,5,2,5,5,689,premium,21,13,306.06,1,2,3.27,304,0.47,0.14,0.04,31,10,-0.15,4,successful
IND_7,Indian,Starter,3,2,2,4,7.5,2,4,3,3,291,mid,22,29,126.44,1,4,3.57,87,0.58,0.16,0.08,34,10,0.29,2,successful
IND_8,Indian,Starter,2,1,3,5,7.5,2,3,3,5,534,premium,13,21,226.68,4,3,3.76,416,0.54,0.05,0.03,59,29,0.07,5,successful
IND_9,Indian,Starter,3,1,4,2,5.5,2,4,2,3,562,premium,5,7,220.06,1,3,2.4,46,0.37,0.03,0.03,31,11,-0.08,5,successful
IND_10,Indian,Main,3,1,2,4,6.6,5,3,2,2,670,premium,16,18,222.59,1,2,2.24,402,0.23,0.16,0.03,19,8,0.06,4,average
IND_11,Indian,Main,4,2,3,3,7.5,2,5,2,2,726,premium,5,7,316.01,2,3,3.47,276,0.32,0.08,0.01,36,21,-0.02,5,successful
IND_12,Indian,Dessert,2,1,3,5,6.8,5,3,3,4,127,budget,23,28,45.52,3,2,2.59,274,0.31,0.16,0.02,40,12,-0.06,2,average
IND_13,Indian,Starter,3,1,4,3,7.7,5,2,3,2,491,premium,18,26,180.07,5,4,3.47,134,0.48,0.07,0.03,28,13,0.08,2,successful
IND_14,Indian,Starter,2,2,4,5,8.9,2,2,3,4,164,budget,7,12,53.12,2,5,3.55,390,0.36,0.18,0.07,41,20,0.13,2,successful
IND_15,Indian,Starter,2,1,4,5,7.5,2,3,4,4,557,premium,15,11,215.84,3,5,3.28,56,0.26,0.09,0.03,23,12,0.17,4,successful
IND_16,Indian,Dessert,3,1,2,3,7.5,5,2,2,2,526,premium,22,6,219.3,5,3,2.5,51,0.25,0.16,0.07,36,20,-0.04,3,average
IND_17,Indian,Starter,4,3,3,5,6.2,5,3,3,3,172,budget,5,10,68.34,3,5,3.4,406,0.51,0.06,0.07,27,15,0.28,3,successful
IND_18,Indian,Dessert,3,1,4,5,7.6,5,4,4,3,123,budget,11,17,38.83,1,4,3.75,290,0.41,0.18,0.05,57,19,0.34,3,successful
IND_19,Indian,Main,3,3,2,5,7.9,4,2,2,5,330,mid,18,24,147.46,1,5,3.13,127,0.3,0.13,0.01,47,21,0.21,3,successful
IND_20,Indian,Main,3,1,3,2,6.9,4,4,2,4,608,premium,18,15,200.93,3,3,2.78,370,0.46,0.13,0.08,34,13,0.12,2,average
IND_21,Indian,Starter,3,2,5,3,6.6,5,4,5,5,304,mid,21,20,124.26,2,2,3.84,369,0.51,0.07,0.08,52,26,-0.04,3,successful
IND_22,Indian,Dessert,2,1,4,4,8.0,3,5,2,5,411,mid,23,11,161.8,4,5,3.55,105,0.48,0.02,0.07,49,16,0.06,3,successful
IND_23,Indian,Dessert,3,2,3,5,7.0,2,3,2,5,179,budget,21,22,66.07,4,5,3.23,310,0.37,0.05,0.08,35,18,0.27,4,successful
IND_24,Indian,Starter,2,1,3,2,8.0,3,4,5,2,596,premium,12,13,189.03,5,2,3.9,148,0.42,0.04,0.03,41,16,0.08,2,successful
IND_25,Indian,Starter,3,2,3,3,9.7,5,2,5,5,165,budget,14,29,54.12,4,3,3.94,169,0.45,0.02,0.04,51,21,-0.07,5,successful
IND_26,Indian,Main,2,1,3,3,10.0,2,5,2,2,669,premium,9,19,191.57,3,5,3.79,262,0.39,0.14,0.04,52,28,-0.02,2,successful
IND_27,Indian,Starter,3,2,5,4,7.0,2,4,3,2,470,premium,5,12,136.24,1,3,3.19,272,0.44,0.11,0.03,42,22,-0.07,2,average
IND_28,Indian,Dessert,3,2,2,4,7.9,2,2,4,5,300,mid,7,23,116.44,2,2,3.55,184,0.55,0.12,0.02,56,29,0.02,5,successful
IND_29,Indian,Main,3,4,3,4,7.7,4,2,5,5,175,budget,16,25,74.96,4,3,3.54,405,0.43,0.12,0.06,54,28,0.08,4,successful
IND_30,Indian,Dessert,3,1,4,4,8.7,2,4,5,3,395,mid,24,26,128.69,1,5,4.87,123,0.58,0.08,0.03,46,22,0.29,2,successful
IND_31,Indian,Main,4,1,5,2,4.9,2,3,5,5,573,premium,20,25,224.83,4,2,2.99,143,0.33,0.06,0.06,30,13,0.02,4,successful
IND_32,Indian,Main,4,4,2,3,9.4,4,4,4,3,212,budget,11,15,58.07,5,3,3.86,408,0.46,0.14,0.09,45,17,-0.1,3,successful
IND_33,Indian,Starter,3,1,2,4,5.5,3,4,2,3,261,mid,6,22,80.5,2,5,2.44,36,0.31,0.1,0.05,21,6,0.32,5,successful
IND_34,Indian,Main,2,2,2,5,7.6,5,5,2,2,139,budget,23,14,37.12,2,2,3.67,243,0.48,0.15,0.03,42,18,0.07,5,successful
IND_35,Indian,Starter,2,1,4,2,7.1,2,2,3,3,419,mid,7,10,124.85,5,2,2.44,239,0.28,0.12,0.03,22,11,0.2,5,successful
IND_36,Indian,Main,3,3,2,4,8.4,4,3,5,2,565,premium,25,9,243.9,2,2,3.54,435,0.36,0.14,0.06,33,11,0.19,5,successful
IND_37,Indian,Starter,3,2,2,2,9.0,5,5,2,2,332,mid,24,13,84.72,2,2,4.43,374,0.67,0.11,0.07,37,16,0.07,4,successful
IND_38,Indian,Starter,4,2,4,4,9.0,5,5,2,5,354,mid,15,15,135.95,2,4,3.73,283,0.37,0.17,0.08,44,19,0.01,4,successful
IND_39,Indian,Dessert,2,2,4,3,9.9,5,2,5,5,144,budget,21,16,53.93,4,5,4.3,134,0.42,0.04,0.03,64,28,-0.14,3,successful
IND_40,Indian,Starter,5,2,2,4,4.3,2,5,2,3,179,budget,8,25,74.54,4,4,3.06,169,0.34,0.1,0.05,33,11,-0.05,3,successful
IND_41,Indian,Dessert,2,2,4,3,8.6,5,4,4,2,326,mid,23,23,146.63,4,3,4.04,277,0.42,0.11,0.05,44,17,-0.06,3,successful
IND_42,Indian,Starter,4,2,4,5,6.8,5,2,4,5,645,premium,17,26,263.47,2,5,3.69,94,0.44,0.11,0.08,54,23,0.11,5,successful
IND_43,Indian,Starter,3,1,2,3,7.4,5,3,2,5,336,mid,24,27,110.71,1,4,3.32,303,0.36,0.07,0.07,45,25,-0.13,2,successful
IND_44,Indian,Starter,3,2,4,5,8.3,4,3,2,5,217,budget,25,27,92.12,4,3,3.28,44,0.24,0.15,0.03,34,11,0.12,3,successful
IND_45,Indian,Main,3,3,3,5,7.4,5,3,5,3,179,budget,25,13,61.2,1,5,4.38,376,0.55,0.03,0.09,69,26,0.33,4,successful
IND_46,Indian,Main,4,1,2,4,5.7,3,5,5,2,168,budget,23,16,61.31,3,2,4.86,367,0.53,0.02,0.08,68,40,0.31,5,successful
IND_47,Indian,Dessert,3,2,4,4,9.6,3,4,3,3,578,premium,9,25,155.73,1,4,4.28,47,0.55,0.14,0.02,41,21,-0.06,3,successful
IND_48,Indian,Starter,2,1,3,5,7.8,4,4,3,4,325,mid,15,30,88.74,1,3,3.94,145,0.61,0.14,0.09,61,33,0.03,5,successful
IND_49,Indian,Starter,3,1,3,4,6.5,2,5,4,4,645,premium,25,16,175.23,2,5,3.51,317,0.36,0.12,0.06,44,19,0.2,5,successful
IND_50,Indian,Dessert,2,2,3,3,9.3,2,4,5,2,150,budget,22,9,49.16,3,5,4.65,402,0.4,0.09,0.02,53,22,0.33,2,successful
IND_51,Indian,Starter,3,2,4,5,7.7,5,5,3,4,207,budget,16,22,89.08,3,2,3.83,127,0.64,0.17,0.08,29,10,0.17,2,successful
IND_52,Indian,Starter,2,1,4,4,9.6,3,3,3,2,556,premium,23,11,229.41,2,4,3.93,433,0.63,0.02,0.08,32,10,-0.02,3,successful
IND_53,Indian,Dessert,4,5,4,5,8.3,2,3,2,4,195,budget,15,5,55.55,1,3,3.34,299,0.27,0.03,0.05,34,16,0.08,3,successful
IND_54,Indian,Main,4,2,3,4,6.1,4,5,2,2,352,mid,18,26,95.6,4,2,3.83,194,0.5,0.03,0.03,48,22,0.01,4,successful
IND_55,Indian,Starter,2,1,3,4,8.0,5,2,2,3,365,mid,12,18,115.99,4,5,2.57,78,0.26,0.07,0.03,40,20,0.09,2,average
IND_56,Indian,Starter,5,1,4,2,3.2,2,4,3,2,737,premium,22,15,283.01,4,4,3.31,414,0.37,0.17,0.01,31,12,-0.1,3,average
IND_57,Indian,Starter,3,3,3,3,10.0,3,2,4,4,217,budget,13,23,64.07,4,2,3.8,366,0.58,0.06,0.02,50,19,0.02,2,successful
IND_58,Indian,Dessert,2,2,3,4,9.7,5,2,3,2,215,budget,21,11,69.93,4,4,2.87,189,0.41,0.14,0.06,22,6,-0.07,2,average
IND_59,Indian,Starter,3,1,5,4,6.2,5,5,5,5,319,mid,11,29,112.44,3,5,3.9,377,0.54,0.1,0.06,28,11,0.15,2,successful
IND_60,Indian,Starter,1,2,3,5,6.6,3,3,4,4,280,mid,5,20,111.83,2,3,3.29,390,0.31,0.11,0.06,33,13,0.22,5,successful
IND_61,Indian,Dessert,2,1,4,5,7.9,2,4,5,5,663,premium,14,8,219.46,3,3,4.68,346,0.54,0.13,0.04,51,16,0.07,5,successful
IND_62,Indian,Dessert,2,1,3,3,8.2,4,4,3,4,129,budget,21,25,35.19,5,3,4.19,208,0.44,0.17,0.06,34,11,-0.02,3,successful
IND_63,Indian,Dessert,5,2,2,5,3.3,2,3,5,5,746,premium,19,26,324.38,5,4,3.65,351,0.37,0.09,0.05,46,24,0.15,4,successful
IND_64,Indian,Dessert,5,3,2,3,6.1,5,5,2,2,323,mid,7,25,136.58,1,5,3.31,313,0.55,0.14,0.01,50,23,-0.06,5,successful
IND_65,Indian,Dessert,4,1,4,4,6.3,2,5,2,4,493,premium,21,25,140.26,2,5,3.97,298,0.49,0.05,0.04,37,15,0.02,2,successful
IND_66,Indian,Dessert,2,2,2,3,9.3,2,4,2,5,314,mid,24,9,99.44,5,3,4.05,188,0.68,0.13,0.04,50,29,0.0,5,successful
IND_67,Indian,Dessert,3,1,5,2,5.6,3,2,5,4,166,budget,14,10,73.08,3,5,2.9,100,0.25,0.07,0.07,33,15,0.22,2,average
IND_68,Indian,Main,3,2,5,2,5.7,3,5,3,3,208,budget,24,30,89.55,4,2,3.51,376,0.5,0.18,0.06,48,25,-0.03,3,successful
IND_69,Indian,Main,4,2,2,4,6.9,5,3,4,5,322,mid,17,21,114.47,2,3,3.84,100,0.6,0.03,0.05,39,22,0.21,2,successful
IND_70,Indian,Starter,3,1,3,3,7.2,3,4,5,3,273,mid,12,19,116.55,1,5,3.66,287,0.39,0.08,0.02,33,13,-0.1,4,successful
IND_71,Indian,Starter,3,2,5,2,5.3,4,5,3,5,407,mid,5,7,103.3,2,3,3.61,402,0.47,0.09,0.07,32,10,-0.03,5,successful
IND_72,Indian,Main,5,1,3,4,4.2,5,2,3,3,359,mid,5,24,115.08,5,5,1.99,372,0.16,0.18,0.02,23,10,0.34,2,unsuccessful
IND_73,Indian,Dessert,3,1,3,3,8.7,2,5,4,4,458,premium,16,30,120.69,2,2,4.78,406,0.7,0.04,0.04,48,23,0.27,5,successful
IND_74,Indian,Dessert,3,2,4,3,8.0,3,3,2,5,157,budget,11,6,64.09,1,4,3.52,293,0.39,0.15,0.05,25,12,-0.01,2,successful
IND_75,Indian,Main,4,2,4,4,7.7,2,4,5,5,675,premium,17,15,300.2,4,5,4.12,438,0.5,0.15,0.07,31,14,0.26,4,successful
IND_76,Indian,Main,2,1,4,4,8.2,4,4,4,5,668,premium,10,27,226.31,4,2,4.31,210,0.57,0.09,0.06,60,19,0.19,5,successful
IND_77,Indian,Dessert,3,2,5,3,7.0,3,2,3,5,136,budget,7,12,55.18,3,4,2.69,320,0.2,0.04,0.05,27,11,-0.11,3,average
IND_78,Indian,Starter,4,1,3,5,4.7,4,4,3,2,214,budget,10,20,75.66,5,2,2.83,163,0.4,0.05,0.06,37,22,-0.05,3,successful
IND_79,Indian,Starter,4,2,5,4,6.9,5,2,4,4,483,premium,22,22,148.8,3,3,3.4,388,0.45,0.15,0.05,27,9,-0.08,5,successful
IND_80,Indian,Starter,4,1,4,4,6.7,4,5,3,2,159,budget,17,27,62.61,5,5,4.11,324,0.32,0.18,0.06,45,22,0.02,3,successful
IND_81,Indian,Dessert,3,2,2,5,5.9,2,2,3,4,140,budget,15,27,41.31,5,4,3.07,158,0.28,0.17,0.03,38,18,-0.1,3,successful
IND_82,Indian,Dessert,2,1,4,4,9.9,3,3,4,2,130,budget,6,25,52.55,3,3,4.3,243,0.57,0.02,0.08,51,25,0.0,3,successful
IND_83,Indian,Main,4,2,3,3,7.8,5,2,2,3,356,mid,20,19,103.53,5,3,2.41,397,0.25,0.18,0.04,25,13,0.11,2,average
IND_84,Indian,Main,3,1,4,4,7.5,2,4,5,3,132,budget,6,14,57.96,5,5,3.95,111,0.6,0.17,0.07,34,11,0.35,5,successful
IND_85,Indian,Dessert,2,1,4,3,8.8,5,2,2,5,684,premium,12,11,250.8,1,2,2.54,335,0.4,0.12,0.05,30,16,0.07,4,average
IND_86,Indian,Main,2,2,4,3,8.7,5,4,2,5,192,budget,22,11,61.92,3,2,3.31,260,0.48,0.06,0.09,43,14,0.34,5,successful
IND_87,Indian,Main,3,2,2,2,9.6,4,4,3,3,710,premium,17,21,183.22,1,3,4.19,441,0.49,0.09,0.06,48,19,0.16,3,successful
IND_88,Indian,Dessert,2,1,4,5,9.0,4,4,5,4,254,mid,16,15,97.73,4,4,4.86,401,0.76,0.12,0.06,45,22,0.34,3,successful
IND_89,Indian,Dessert,4,1,3,3,6.1,5,3,5,3,574,premium,6,23,252.35,1,3,3.11,190,0.35,0.09,0.03,35,16,0.09,2,average
IND_90,Indian,Dessert,3,1,4,3,6.3,3,4,5,5,294,mid,19,22,93.63,3,4,4.18,128,0.69,0.06,0.03,64,38,0.24,3,successful
IND_91,Indian,Starter,4,3,3,4,8.4,4,5,4,4,281,mid,23,26,100.78,4,4,4.95,441,0.42,0.03,0.09,38,21,0.18,5,successful
IND_92,Indian,Main,4,1,4,4,6.4,4,4,3,2,750,premium,12,12,195.11,5,3,3.57,56,0.29,0.07,0.05,46,15,0.33,3,successful
IND_93,Indian,Main,3,1,3,4,7.3,5,5,3,4,323,mid,25,6,139.4,1,3,3.93,400,0.61,0.03,0.08,42,23,0.32,2,successful
IND_94,Indian,Main,5,3,5,3,6.6,3,4,2,2,395,mid,24,8,172.1,3,4,3.05,358,0.38,0.1,0.09,44,19,-0.05,2,average
IND_95,Indian,Main,4,2,5,3,5.3,5,4,3,2,622,premium,14,23,239.4,2,3,3.35,357,0.54,0.15,0.05,26,13,-0.06,3,successful
IND_96,Indian,Dessert,2,1,2,3,7.6,3,2,4,5,177,budget,13,15,54.94,5,2,2.98,214,0.42,0.03,0.02,29,12,0.1,4,successful
IND_97,Indian,Dessert,2,2,4,5,8.2,4,4,3,3,181,budget,9,19,72.32,5,4,3.6,311,0.58,0.14,0.07,51,26,0.19,2,successful
IND_98,Indian,Starter,4,1,2,4,4.9,4,2,2,2,708,premium,11,23,252.99,2,4,2.58,256,0.21,0.05,0.06,20,9,0.25,5,average
IND_99,Indian,Main,2,3,4,3,8.0,5,2,5,4,461,premium,17,13,190.53,2,2,3.12,206,0.44,0.11,0.01,46,27,0.09,4,successful
IND_100,Indian,Main,1,3,3,5,5.4,3,5,4,5,346,mid,17,7,133.74,5,3,4.08,208,0.33,0.18,0.04,33,19,0.27,2,successful
IND_101,Indian,Dessert,2,1,3,4,7.9,5,5,3,3,338,mid,9,13,97.24,1,2,4.35,244,0.57,0.17,0.08,39,12,0.15,5,successful
IND_102,Indian,Main,3,2,2,4,7.3,2,3,2,5,309,mid,22,11,123.87,1,3,2.89,178,0.27,0.17,0.06,35,18,0.26,3,average
IND_103,Indian,Starter,3,2,4,3,8.8,3,5,4,4,191,budget,23,28,82.57,4,5,3.92,206,0.64,0.13,0.07,38,16,-0.08,5,successful
IND_104,Indian,Starter,2,3,4,3,8.5,5,3,3,4,523,premium,19,6,189.58,4,3,3.28,160,0.3,0.12,0.08,47,15,0.21,3,successful
IND_105,Indian,Dessert,5,2,4,4,6.5,2,2,3,3,303,mid,15,14,133.75,1,3,3.27,409,0.27,0.18,0.05,30,14,-0.05,3,successful
IND_106,Indian,Dessert,5,3,3,5,5.6,4,5,5,4,316,mid,16,21,134.79,4,2,4.63,399,0.54,0.15,0.08,47,19,0.13,3,successful
IND_107,Indian,Starter,4,3,2,4,6.3,4,5,4,3,162,budget,12,17,58.96,2,5,4.11,380,0.43,0.14,0.05,55,28,0.08,4,successful
IND_108,Indian,Dessert,4,1,2,2,6.3,5,3,2,2,205,budget,6,29,51.51,2,3,2.2,107,0.16,0.1,0.04,27,13,0.16,5,successful
IND_109,Indian,Main,3,2,5,4,8.0,2,5,2,2,590,premium,22,14,149.52,4,3,3.2,79,0.39,0.06,0.06,29,11,0.25,2,average
IND_110,Indian,Dessert,5,1,2,4,4.9,5,3,3,4,491,premium,25,25,197.34,1,5,2.67,312,0.31,0.12,0.07,20,11,0.17,4,average
IND_111,Indian,Starter,3,2,2,4,8.0,2,2,3,3,740,premium,20,13,191.89,1,4,3.48,318,0.47,0.05,0.08,24,8,-0.08,5,successful
IND_112,Indian,Dessert,2,2,4,3,8.6,3,5,4,5,521,premium,7,21,207.93,3,2,3.95,148,0.61,0.07,0.07,61,25,0.24,2,successful
IND_113,Indian,Main,3,1,3,5,5.5,5,5,3,4,642,premium,18,10,247.77,4,2,3.91,181,0.59,0.13,0.02,32,16,0.17,5,successful
IND_114,Indian,Starter,2,2,3,3,9.7,2,2,4,5,319,mid,8,9,85.32,4,5,3.69,292,0.41,0.02,0.04,28,13,0.01,5,successful
IND_115,Indian,Dessert,3,1,3,3,7.6,5,2,3,3,644,premium,10,9,195.64,3,5,2.51,115,0.28,0.09,0.05,19,7,-0.03,5,successful
IND_116,Indian,Main,5,2,3,4,6.2,5,2,3,4,170,budget,15,24,55.42,3,5,2.5,447,0.38,0.12,0.06,24,11,0.2,5,successful
IND_117,Indian,Main,3,1,4,4,7.4,5,4,4,5,574,premium,15,17,175.68,4,4,3.44,318,0.31,0.18,0.02,47,14,0.21,3,successful
IND_118,Indian,Dessert,3,1,3,2,7.6,2,5,5,3,605,premium,12,13,230.95,4,5,4.09,336,0.48,0.08,0.05,62,31,0.12,4,successful
IND_119,Indian,Main,2,3,5,3,7.8,2,2,3,4,202,budget,24,6,73.25,4,4,3.53,250,0.28,0.04,0.03,48,22,0.19,3,successful
IND_120,Indian,Dessert,4,2,5,5,7.7,5,3,4,2,276,mid,14,18,119.81,1,2,4.01,403,0.34,0.07,0.05,35,15,0.09,5,successful
IND_121,Indian,Main,3,1,2,4,6.4,4,2,4,2,508,premium,5,15,192.83,2,3,3.09,312,0.27,0.11,0.09,28,11,-0.06,5,successful
IND_122,Indian,Dessert,2,1,3,3,8.1,3,5,5,5,210,budget,11,11,64.19,1,2,5.0,304,0.44,0.07,0.05,46,25,0.11,4,successful
IND_123,Indian,Dessert,5,2,3,5,4.8,5,2,4,4,408,mid,10,26,159.61,3,2,3.01,190,0.25,0.07,0.02,39,17,0.06,3,average
IND_124,Indian,Main,3,1,5,4,6.8,3,5,3,3,323,mid,9,10,101.07,4,2,4.24,34,0.5,0.05,0.04,51,25,0.05,5,successful
IND_125,Indian,Dessert,2,1,2,2,9.4,5,5,3,2,465,premium,12,14,119.29,2,4,3.84,264,0.49,0.14,0.05,44,20,-0.02,4,successful
IND_126,Indian,Dessert,4,4,2,4,8.6,2,5,3,5,214,budget,25,29,64.09,1,5,3.82,448,0.3,0.16,0.02,54,19,0.22,4,successful
IND_127,Indian,Main,2,1,3,3,9.2,5,3,3,3,127,budget,23,16,45.27,5,3,3.32,390,0.33,0.11,0.09,38,21,0.26,3,successful
IND_128,Indian,Dessert,3,1,4,4,8.8,4,3,3,3,211,budget,15,12,84.88,4,5,3.04,353,0.29,0.09,0.05,38,21,-0.1,4,successful
IND_129,Indian,Dessert,3,1,3,4,7.9,4,5,5,4,451,premium,7,28,200.44,3,2,5.0,233,0.46,0.09,0.03,47,25,0.02,3,successful
IND_130,Indian,Starter,4,1,3,4,6.7,4,2,2,2,685,premium,5,8,298.58,2,5,2.4,249,0.22,0.13,0.02,30,10,0.32,4,average
IND_131,Indian,Dessert,1,2,3,4,8.3,4,2,4,3,170,budget,25,14,67.18,2,5,3.57,390,0.28,0.05,0.02,44,20,0.07,2,successful
IND_132,Indian,Dessert,2,1,2,4,6.7,2,5,3,5,149,budget,17,7,59.03,1,2,3.56,183,0.3,0.14,0.07,29,17,-0.08,2,successful
IND_133,Indian,Dessert,3,1,4,2,6.3,5,4,3,3,407,mid,19,11,108.81,1,3,3.69,331,0.53,0.08,0.04,52,19,0.17,3,successful
IND_134,Indian,Starter,3,1,3,4,7.2,4,2,4,3,710,premium,11,28,233.13,1,3,3.19,87,0.3,0.12,0.02,47,14,0.03,4,successful
IND_135,Indian,Main,2,1,4,3,7.8,5,4,3,5,122,budget,23,7,30.84,2,2,4.14,434,0.45,0.07,0.07,57,24,0.05,3,successful
IND_136,Indian,Main,4,1,4,5,5.2,2,3,3,4,400,mid,25,29,166.76,1,4,3.11,403,0.51,0.06,0.03,47,15,0.16,2,successful
IND_137,Indian,Main,1,1,4,3,9.3,3,2,2,3,455,premium,10,20,200.47,5,4,2.48,94,0.36,0.16,0.07,19,10,0.02,5,successful
IND_138,Indian,Starter,3,1,3,4,7.0,4,2,5,5,634,premium,6,20,267.47,2,4,3.09,425,0.25,0.11,0.07,27,12,-0.13,2,average
IND_139,Indian,Main,4,2,4,3,6.1,4,5,3,3,190,budget,25,18,56.03,2,5,4.18,193,0.41,0.03,0.04,48,27,-0.06,2,successful
IND_140,Indian,Starter,3,1,4,3,6.1,5,4,4,4,190,budget,19,5,61.52,3,4,3.97,154,0.46,0.11,0.05,55,19,0.3,3,successful
IND_141,Indian,Starter,3,4,4,3,7.0,5,2,3,4,454,premium,15,5,182.41,4,4,2.36,301,0.4,0.09,0.09,37,12,-0.01,2,average
IND_142,Indian,Main,4,1,2,3,6.8,5,4,5,2,498,premium,21,9,187.97,4,2,4.24,61,0.48,0.17,0.03,39,15,0.25,4,successful
IND_143,Indian,Dessert,1,1,3,5,7.9,3,2,3,3,505,premium,9,8,142.85,4,4,2.87,304,0.3,0.14,0.05,32,17,-0.1,4,successful
IND_144,Indian,Starter,3,1,4,2,6.4,2,3,4,3,211,budget,12,16,69.47,1,4,3.11,119,0.23,0.08,0.05,42,15,0.08,3,successful
IND_145,Indian,Starter,3,2,2,5,5.0,3,3,3,5,411,mid,25,7,150.62,3,2,2.26,63,0.2,0.12,0.07,17,9,0.25,2,unsuccessful
IND_146,Indian,Dessert,3,1,4,5,7.9,2,3,5,5,257,mid,17,26,86.18,3,3,4.47,170,0.44,0.16,0.01,56,20,-0.0,5,successful
IND_147,Indian,Starter,3,2,3,3,9.0,2,4,5,3,301,mid,25,30,106.9,5,2,5.0,430,0.71,0.1,0.07,50,23,0.01,4,successful
IND_148,Indian,Main,4,1,3,3,6.1,3,2,4,2,385,mid,16,29,141.22,2,3,2.54,366,0.24,0.11,0.07,34,17,0.32,5,successful
IND_149,Indian,Starter,4,2,4,3,7.9,3,3,3,4,633,premium,23,5,247.31,3,3,3.39,126,0.52,0.15,0.09,40,14,-0.13,2,average
IND_150,Indian,Dessert,3,1,3,4,7.2,2,5,2,4,553,premium,9,15,217.54,3,2,2.96,330,0.42,0.04,0.02,34,13,-0.11,5,successful
IND_151,Indian,Dessert,4,1,4,5,5.2,4,4,3,3,673,premium,25,20,255.63,2,4,2.87,331,0.43,0.08,0.07,27,9,-0.15,5,successful
IND_152,Indian,Main,4,3,3,2,7.1,4,3,2,5,162,budget,7,12,51.74,3,3,3.01,75,0.46,0.13,0.07,30,9,-0.05,2,successful
IND_153,Indian,Main,1,3,4,4,7.5,2,2,2,5,357,mid,10,18,124.46,4,4,2.64,81,0.4,0.15,0.06,36,13,0.08,2,average
IND_154,Indian,Starter,3,1,5,4,6.0,4,2,2,4,168,budget,10,28,44.52,1,4,2.45,344,0.39,0.13,0.04,31,14,0.07,2,average
IND_155,Indian,Starter,3,2,4,4,8.7,3,5,4,4,310,mid,8,6,101.86,5,5,4.03,214,0.28,0.03,0.08,50,22,-0.1,3,successful
IND_156,Indian,Starter,2,2,5,5,10.0,2,5,2,4,370,mid,20,26,112.11,5,5,3.62,225,0.39,0.09,0.03,40,14,-0.02,2,successful
IND_157,Indian,Dessert,5,1,2,4,4.5,2,2,4,5,566,premium,22,6,236.68,5,5,3.31,381,0.52,0.1,0.08,37,11,0.3,2,successful
IND_158,Indian,Dessert,3,3,2,5,7.1,3,2,5,3,147,budget,11,9,38.0,1,5,3.16,351,0.27,0.12,0.04,42,22,-0.11,5,successful
IND_159,Indian,Dessert,3,1,2,2,7.7,4,5,2,5,173,budget,9,9,62.85,5,2,4.13,318,0.61,0.15,0.08,61,34,-0.02,5,successful
IND_160,Indian,Main,4,2,2,2,8.2,2,3,4,5,199,budget,24,26,77.36,1,5,4.17,199,0.58,0.03,0.05,39,16,0.02,4,successful
IND_161,Indian,Starter,3,3,3,2,8.6,5,2,3,3,363,mid,15,13,143.66,5,2,2.73,138,0.44,0.09,0.05,31,12,-0.12,3,successful
IND_162,Indian,Dessert,3,1,2,4,5.6,5,3,2,3,145,budget,6,12,37.21,1,4,2.85,170,0.3,0.09,0.04,43,21,-0.03,5,successful
IND_163,Indian,Main,3,2,5,5,8.9,5,4,4,3,273,mid,14,5,89.36,2,3,4.58,361,0.42,0.05,0.06,53,29,0.33,2,successful
IND_164,Indian,Dessert,3,1,5,4,7.8,3,2,3,4,606,premium,25,13,202.87,4,4,2.92,141,0.34,0.13,0.08,30,9,0.11,4,successful
IND_165,Indian,Dessert,3,2,3,4,8.3,4,4,2,5,163,budget,13,25,51.35,3,4,3.57,363,0.36,0.04,0.07,53,28,0.25,5,successful
IND_166,Indian,Dessert,3,1,3,3,7.6,3,2,5,4,357,mid,17,17,141.85,5,3,3.41,395,0.31,0.11,0.07,51,25,0.1,3,successful
IND_167,Indian,Main,2,2,3,5,8.8,3,4,2,5,214,budget,13,28,88.1,2,4,3.65,143,0.39,0.14,0.03,51,20,-0.02,4,successful
IND_168,Indian,Dessert,1,3,5,2,5.7,5,2,2,5,184,budget,8,26,60.05,3,5,1.75,107,0.15,0.05,0.04,21,12,0.08,4,average
IND_169,Indian,Main,3,1,2,3,6.4,2,5,4,3,412,mid,6,5,140.25,2,3,4.16,111,0.49,0.14,0.02,52,25,0.05,5,successful
IND_170,Indian,Main,2,3,4,5,7.0,3,4,2,4,547,premium,5,26,137.2,2,3,3.4,206,0.34,0.04,0.05,33,10,-0.13,4,successful
IND_171,Indian,Main,4,1,3,4,6.5,4,5,3,4,341,mid,11,10,149.91,4,2,3.42,402,0.58,0.05,0.01,39,13,0.21,2,successful
IND_172,Indian,Dessert,2,2,3,3,10.0,4,2,2,2,460,premium,6,27,125.65,4,5,2.55,159,0.3,0.04,0.07,32,12,0.18,4,successful
IND_173,Indian,Main,4,2,3,5,6.2,3,5,2,2,279,mid,8,20,80.83,2,4,3.76,133,0.4,0.09,0.02,44,25,0.19,5,successful
IND_174,Indian,Main,2,2,4,3,8.5,2,2,2,5,131,budget,21,7,51.71,1,4,2.92,263,0.49,0.07,0.05,23,8,-0.13,4,successful
IND_175,Indian,Main,3,1,4,4,8.6,4,5,2,2,121,budget,9,26,45.91,3,4,4.24,348,0.41,0.14,0.04,42,14,0.05,5,successful
IND_176,Indian,Main,3,3,3,2,9.7,5,5,3,2,209,budget,6,10,56.59,5,5,4.65,377,0.53,0.12,0.07,58,32,0.29,3,successful
IND_177,Indian,Main,2,2,2,5,7.8,2,5,5,2,153,budget,25,15,38.63,5,3,5.0,372,0.79,0.1,0.07,62,26,0.21,5,successful
IND_178,Indian,Starter,1,3,4,4,8.3,5,3,2,2,530,premium,21,20,222.8,2,2,3.35,194,0.32,0.18,0.01,30,14,0.05,3,successful
IND_179,Indian,Dessert,3,2,3,5,6.9,5,2,5,5,280,mid,20,28,106.59,1,5,3.38,315,0.42,0.15,0.07,52,25,0.3,3,successful
IND_180,Indian,Dessert,3,2,3,4,8.3,4,4,2,3,334,mid,22,29,124.9,4,4,3.64,88,0.29,0.13,0.01,37,18,0.25,4,successful
IND_181,Indian,Main,3,1,2,4,5.2,3,5,3,5,152,budget,24,11,43.7,4,3,3.48,430,0.31,0.07,0.07,25,12,0.19,2,successful
IND_182,Indian,Main,3,1,3,4,6.9,3,5,2,2,671,premium,23,20,291.8,2,3,3.76,95,0.3,0.13,0.06,37,20,0.06,3,successful
IND_183,Indian,Dessert,3,1,3,3,7.8,4,4,5,3,172,budget,24,27,73.49,5,4,4.71,310,0.74,0.13,0.08,59,21,0.16,4,successful
IND_184,Indian,Main,4,1,4,4,6.7,3,3,4,2,393,mid,20,23,143.1,4,4,3.9,246,0.59,0.1,0.01,32,16,-0.05,3,successful
IND_185,Indian,Main,3,3,5,5,10.0,3,2,4,3,466,premium,16,19,126.05,5,3,3.96,317,0.43,0.1,0.07,52,26,-0.13,5,successful
IND_186,Indian,Starter,1,1,3,4,8.8,4,2,2,4,199,budget,19,12,86.03,3,3,3.13,129,0.31,0.05,0.06,27,9,0.11,5,successful
IND_187,Indian,Starter,4,1,3,3,6.9,4,3,3,4,162,budget,19,27,70.87,1,3,3.66,335,0.27,0.17,0.06,47,21,0.14,4,successful
IND_188,Indian,Starter,2,1,2,2,9.6,4,3,3,2,531,premium,18,22,189.78,1,4,3.27,139,0.45,0.07,0.03,50,24,0.09,2,average
IND_189,Indian,Dessert,2,3,2,5,6.3,5,3,3,2,614,premium,17,30,269.54,4,4,3.1,174,0.22,0.1,0.07,36,16,0.09,4,successful
IND_190,Indian,Starter,4,2,2,4,5.4,2,2,3,2,483,premium,11,26,181.56,2,5,2.97,135,0.37,0.13,0.09,41,20,0.32,3,average
IND_191,Indian,Dessert,3,2,5,4,7.9,4,2,2,2,142,budget,13,22,37.5,2,4,2.54,260,0.34,0.09,0.01,33,15,0.17,2,average
IND_192,Indian,Dessert,4,1,3,5,5.2,2,4,2,4,604,premium,24,7,185.01,4,5,2.74,368,0.2,0.05,0.03,37,19,0.27,4,average
IND_193,Indian,Starter,2,3,4,3,7.3,4,2,3,2,120,budget,23,24,39.46,5,2,2.65,413,0.38,0.14,0.03,40,22,-0.08,3,successful
IND_194,Indian,Dessert,4,3,4,2,7.2,4,3,2,3,740,premium,6,29,322.99,5,5,3.04,67,0.3,0.03,0.02,41,18,0.02,3,average
IND_195,Indian,Main,2,1,3,4,8.3,2,4,2,3,374,mid,19,15,139.6,3,3,3.46,216,0.52,0.17,0.02,33,17,0.21,5,successful
IND_196,Indian,Dessert,3,1,4,4,8.7,3,4,5,5,341,mid,14,20,122.87,2,2,4.86,101,0.77,0.05,0.07,61,31,0.3,2,successful
IND_197,Indian,Dessert,4,3,4,4,9.2,3,2,4,5,526,premium,16,17,154.99,5,4,3.09,286,0.37,0.08,0.05,40,22,0.25,3,successful
IND_198,Indian,Dessert,3,1,4,4,7.3,3,3,3,5,260,mid,12,29,90.36,1,4,3.06,51,0.42,0.1,0.07,32,18,0.29,2,successful
IND_199,Indian,Main,3,1,2,5,4.6,4,4,3,5,643,premium,16,23,244.77,1,4,2.95,144,0.36,0.08,0.08,33,14,0.15,3,average
IND_200,Indian,Starter,3,2,3,4,7.3,2,4,3,3,140,budget,16,24,55.08,1,3,3.45,199,0.49,0.1,0.05,30,10,0.27,2,successful
IND_201,Indian,Starter,4,1,3,3,6.1,3,3,2,3,141,budget,13,10,49.82,4,2,3.14,402,0.43,0.07,0.02,34,20,0.28,3,successful
IND_202,Indian,Main,3,1,4,3,7.7,3,3,4,3,625,premium,19,24,230.07,2,5,3.48,85,0.25,0.1,0.08,45,24,0.15,3,average
IND_203,Indian,Main,4,1,3,3,7.8,2,2,2,5,516,premium,24,22,214.4,4,5,2.48,52,0.35,0.09,0.09,28,14,0.03,2,average
IND_204,Indian,Main,5,2,4,2,4.3,5,3,2,4,728,premium,18,13,209.52,1,2,2.41,222,0.33,0.13,0.04,24,8,0.18,4,average
IND_205,Indian,Dessert,3,2,3,5,7.7,5,4,4,5,172,budget,22,30,62.18,2,4,4.02,277,0.38,0.07,0.04,53,27,0.28,2,successful
IND_206,Indian,Main,3,3,5,3,7.5,3,2,3,5,390,mid,24,27,150.9,1,3,2.78,355,0.2,0.03,0.02,42,18,-0.12,3,average
IND_207,Indian,Main,3,3,5,3,7.2,2,5,5,4,479,premium,10,25,167.11,1,3,4.95,441,0.6,0.05,0.07,57,29,0.16,2,successful
IND_208,Indian,Starter,3,1,2,3,6.5,2,3,2,4,340,mid,17,17,124.85,5,2,3.03,65,0.49,0.11,0.07,36,17,0.02,4,successful
IND_209,Indian,Dessert,2,1,3,4,8.2,3,5,5,2,294,mid,18,21,79.76,1,4,4.51,89,0.68,0.17,0.08,64,30,0.2,5,successful
IND_210,Indian,Starter,5,1,4,3,5.0,3,4,5,5,464,premium,20,8,139.93,4,3,4.05,147,0.61,0.09,0.04,47,23,-0.02,4,successful
IND_211,Indian,Starter,3,2,2,4,6.8,4,2,3,5,340,mid,11,23,103.3,2,5,3.08,150,0.44,0.16,0.03,27,10,0.16,3,successful
IND_212,Indian,Dessert,3,2,4,5,7.2,2,5,2,2,345,mid,24,15,120.22,5,4,3.52,421,0.57,0.06,0.03,42,13,0.25,5,successful
IND_213,Indian,Dessert,2,1,3,3,8.1,4,5,3,5,209,budget,21,19,65.44,1,2,4.23,224,0.54,0.07,0.06,39,18,-0.03,5,successful
IND_214,Indian,Dessert,2,3,5,3,6.7,3,5,5,3,345,mid,16,17,105.54,2,3,5.0,381,0.46,0.04,0.03,45,19,0.04,3,successful
IND_215,Indian,Main,2,2,3,4,8.3,2,3,5,5,200,budget,21,22,78.82,4,4,3.75,320,0.28,0.04,0.02,33,12,0.27,2,successful
IND_216,Indian,Starter,3,1,5,5,8.5,4,4,4,4,255,mid,18,8,81.66,5,3,4.18,362,0.56,0.05,0.07,42,21,0.09,5,successful
IND_217,Indian,Main,2,1,4,4,8.8,4,5,3,3,622,premium,18,25,231.67,4,2,3.63,205,0.34,0.07,0.03,34,16,-0.01,5,successful
IND_218,Indian,Starter,4,4,3,3,10.0,5,5,3,3,136,budget,12,26,40.84,1,3,3.93,82,0.31,0.17,0.05,29,15,0.11,2,successful
IND_219,Indian,Starter,2,1,3,5,6.5,3,2,5,4,151,budget,14,19,56.67,2,3,2.85,369,0.3,0.17,0.08,31,17,0.32,5,successful
IND_220,Indian,Dessert,3,2,3,5,7.9,3,5,5,4,373,mid,22,12,153.28,4,4,4.49,163,0.38,0.02,0.05,62,21,-0.01,2,successful
IND_221,Indian,Main,5,1,3,5,4.8,5,4,2,5,402,mid,12,30,101.08,3,3,2.69,317,0.31,0.06,0.07,34,18,-0.04,2,average
IND_222,Indian,Main,4,3,4,3,8.3,4,4,4,5,128,budget,10,9,39.41,4,5,3.78,348,0.45,0.07,0.02,59,18,0.34,4,successful
IND_223,Indian,Starter,4,3,4,4,8.3,5,2,3,2,121,budget,20,11,38.52,3,5,3.65,267,0.51,0.03,0.02,50,17,-0.02,5,successful
IND_224,Indian,Main,4,3,5,4,8.1,3,3,4,5,135,budget,12,17,54.57,4,3,3.97,47,0.36,0.14,0.02,51,18,0.04,4,successful
IND_225,Indian,Dessert,3,2,5,3,6.3,2,2,4,5,602,premium,11,16,257.36,2,2,2.73,252,0.28,0.05,0.03,22,11,-0.15,2,average
IND_226,Indian,Main,3,1,3,5,6.6,5,3,4,2,140,budget,20,7,54.21,3,2,2.91,360,0.25,0.11,0.02,33,13,0.13,4,successful
IND_227,Indian,Starter,3,2,2,4,7.5,2,5,4,3,260,mid,20,27,87.75,3,5,3.88,125,0.48,0.07,0.05,57,27,0.28,3,successful
IND_228,Indian,Dessert,4,4,3,4,9.1,5,4,4,4,250,mid,25,21,81.45,2,2,4.33,216,0.64,0.06,0.07,55,25,0.04,5,successful
IND_229,Indian,Starter,3,3,3,4,8.3,4,4,5,4,132,budget,21,26,34.76,2,3,4.83,133,0.39,0.05,0.01,61,25,0.09,4,successful
IND_230,Indian,Starter,4,2,3,4,6.7,2,2,3,5,179,budget,25,6,57.67,4,4,3.14,59,0.48,0.06,0.01,23,8,0.32,2,successful
IND_231,Indian,Dessert,4,1,3,3,7.5,5,3,3,3,541,premium,22,28,195.64,1,4,3.46,389,0.47,0.16,0.02,29,12,0.02,3,successful
IND_232,Indian,Dessert,4,1,3,4,7.0,5,4,4,4,355,mid,25,18,147.41,3,3,3.91,139,0.42,0.11,0.07,40,17,0.33,2,successful
IND_233,Indian,Dessert,5,2,3,5,4.1,4,2,3,4,158,budget,12,11,66.54,1,4,2.85,291,0.36,0.17,0.02,20,8,-0.08,4,successful
IND_234,Indian,Starter,2,1,4,3,7.5,4,4,2,5,561,premium,7,28,176.68,4,3,3.24,383,0.45,0.15,0.02,41,12,0.25,5,successful
IND_235,Indian,Starter,2,2,4,3,9.6,4,4,5,5,218,budget,12,28,82.96,5,2,4.76,353,0.52,0.07,0.01,56,19,0.1,3,successful
IND_236,Indian,Dessert,2,2,4,4,9.1,5,5,2,3,324,mid,17,9,89.57,1,5,3.94,55,0.49,0.06,0.04,42,21,0.23,5,successful
IND_237,Indian,Dessert,5,1,2,3,4.4,5,3,3,3,154,budget,18,15,59.59,5,2,2.27,241,0.26,0.08,0.04,28,8,0.0,4,successful
IND_238,Indian,Main,3,2,3,4,8.6,5,3,5,2,145,budget,16,9,58.22,1,2,4.39,154,0.72,0.17,0.08,63,19,0.2,2,successful
IND_239,Indian,Starter,2,3,3,5,6.9,2,4,3,3,189,budget,21,29,57.03,4,3,3.72,372,0.27,0.11,0.06,27,9,-0.01,4,successful
IND_240,Indian,Dessert,3,2,4,4,8.9,2,2,5,4,634,premium,8,5,195.59,4,3,4.39,290,0.74,0.04,0.04,64,29,-0.06,5,successful
IND_241,Indian,Dessert,4,3,3,4,8.9,2,2,3,4,375,mid,17,28,105.53,3,4,2.98,184,0.28,0.18,0.05,42,20,0.29,2,average
IND_242,Indian,Dessert,3,3,3,5,8.9,3,3,4,5,520,premium,7,28,169.75,5,3,3.72,323,0.32,0.18,0.08,37,17,-0.05,3,successful
IND_243,Indian,Main,3,1,3,3,8.1,3,3,4,3,287,mid,25,23,124.39,3,2,3.75,398,0.31,0.07,0.08,50,26,0.29,5,successful
IND_244,Indian,Dessert,4,1,3,2,5.6,4,3,3,2,143,budget,5,29,63.95,5,4,3.06,343,0.28,0.06,0.06,31,15,0.09,5,successful
IND_245,Indian,Dessert,3,1,2,4,6.3,3,5,5,5,140,budget,11,12,35.9,1,4,4.92,143,0.71,0.18,0.07,37,21,0.34,5,successful
IND_246,Indian,Dessert,4,2,2,4,5.6,5,3,5,5,197,budget,17,28,61.58,5,2,3.62,261,0.42,0.16,0.08,33,15,0.34,2,successful
IND_247,Indian,Main,3,1,5,5,7.8,2,3,4,5,327,mid,14,19,92.64,3,2,3.86,102,0.45,0.12,0.02,44,15,0.14,3,successful
IND_248,Indian,Main,3,2,4,2,6.8,5,2,3,5,553,premium,19,7,165.91,2,2,2.31,391,0.27,0.08,0.05,24,12,0.11,3,average
IND_249,Indian,Starter,3,1,2,3,7.1,2,3,4,3,138,budget,10,29,54.15,4,4,3.29,423,0.55,0.07,0.02,49,28,-0.15,4,successful
IND_250,Indian,Starter,5,2,3,4,5.9,5,2,5,3,195,budget,20,19,64.75,1,2,3.01,310,0.29,0.12,0.08,26,9,-0.12,4,successful
IND_251,Indian,Main,4,3,3,3,8.3,2,4,4,2,133,budget,18,10,37.54,3,3,4.61,413,0.59,0.17,0.02,44,18,0.04,2,successful
IND_252,Indian,Main,4,2,4,4,8.7,2,4,5,3,208,budget,13,15,73.93,5,3,4.68,343,0.35,0.11,0.09,55,17,0.21,4,successful
IND_253,Indian,Dessert,4,1,5,4,6.2,4,4,4,3,738,premium,20,21,292.13,4,5,4.07,342,0.38,0.07,0.03,32,14,0.25,3,successful
IND_254,Indian,Starter,5,1,5,4,6.0,5,2,4,4,558,premium,5,25,161.95,3,4,3.35,187,0.34,0.11,0.07,26,10,0.05,2,average
IND_255,Indian,Starter,2,1,3,4,7.4,4,5,5,2,519,premium,20,9,194.85,5,4,4.52,446,0.5,0.14,0.08,43,22,0.01,2,successful
IND_256,Indian,Starter,4,1,3,5,5.2,4,4,2,3,257,mid,15,17,96.45,2,5,2.49,89,0.39,0.14,0.07,24,7,0.06,5,successful
IND_257,Indian,Starter,5,2,3,4,5.7,4,3,4,3,167,budget,6,29,48.5,1,5,3.29,439,0.39,0.1,0.03,50,25,0.11,4,successful
IND_258,Indian,Main,4,1,3,2,6.5,2,3,3,2,349,mid,21,8,87.54,1,2,2.88,53,0.23,0.14,0.07,20,10,0.17,3,average
IND_259,Indian,Dessert,3,2,3,5,6.4,4,4,4,5,510,premium,13,9,143.56,1,2,4.28,316,0.52,0.05,0.04,42,14,0.2,4,successful
IND_260,Indian,Main,2,1,4,5,7.5,2,4,4,5,136,budget,5,20,58.57,1,2,3.78,74,0.43,0.05,0.06,46,25,0.2,4,successful
IND_261,Indian,Main,5,1,4,4,5.7,3,2,5,3,209,budget,19,8,71.29,4,5,2.96,144,0.25,0.16,0.03,30,10,0.31,4,successful
IND_262,Indian,Dessert,3,2,4,2,6.9,2,2,5,2,372,mid,19,10,114.0,3,3,3.49,237,0.53,0.15,0.04,44,23,0.12,5,successful
IND_263,Indian,Main,5,3,3,4,6.8,3,3,5,5,163,budget,11,27,60.02,4,4,3.85,150,0.34,0.13,0.07,51,28,-0.09,5,successful
IND_264,Indian,Dessert,4,2,3,3,8.1,5,3,4,5,196,budget,8,26,80.91,4,4,3.68,368,0.28,0.05,0.02,44,23,0.25,3,successful
IND_265,Indian,Main,3,3,4,3,8.3,4,5,5,3,207,budget,15,14,75.36,3,5,4.98,206,0.84,0.11,0.06,57,31,0.28,2,successful
IND_266,Indian,Main,4,1,4,2,5.8,2,2,4,2,257,mid,12,18,100.34,4,4,3.22,237,0.35,0.11,0.06,36,12,0.04,4,successful
IND_267,Indian,Dessert,3,1,2,5,4.3,3,3,2,2,458,premium,9,28,195.56,4,3,1.88,358,0.28,0.16,0.08,24,13,0.16,5,average
IND_268,Indian,Starter,3,2,3,4,7.8,5,5,4,3,174,budget,24,5,63.61,2,4,4.19,309,0.53,0.03,0.01,47,19,0.14,2,successful
IND_269,Indian,Main,3,1,4,3,7.5,4,5,2,2,180,budget,25,28,68.89,1,4,3.72,205,0.46,0.02,0.05,56,26,0.02,4,successful
IND_270,Indian,Starter,2,1,5,5,8.6,2,4,4,2,692,premium,23,10,252.28,3,2,3.84,72,0.32,0.03,0.07,35,16,-0.01,4,successful
IND_271,Indian,Starter,3,1,3,5,6.5,3,3,5,4,153,budget,12,20,43.78,5,2,3.56,73,0.59,0.12,0.08,51,26,0.06,5,successful
IND_272,Indian,Starter,3,2,4,4,9.3,3,3,4,2,585,premium,8,6,165.86,4,5,3.64,412,0.6,0.17,0.03,47,19,-0.02,5,successful
IND_273,Indian,Dessert,3,1,3,4,6.6,5,5,4,2,188,budget,25,16,82.95,4,4,3.9,166,0.59,0.06,0.06,43,21,-0.03,3,successful
IND_274,Indian,Dessert,4,2,4,4,7.7,3,4,2,2,121,budget,18,8,42.96,4,4,2.95,175,0.28,0.03,0.06,22,10,0.3,3,successful
IND_275,Indian,Main,3,1,4,4,8.3,2,2,3,5,739,premium,10,8,287.57,3,4,3.01,68,0.4,0.17,0.03,32,18,0.23,4,successful
IND_276,Indian,Starter,4,1,5,4,5.3,2,4,2,5,335,mid,6,13,147.78,3,3,2.81,281,0.47,0.05,0.04,35,11,0.12,5,successful
IND_277,Indian,Dessert,4,1,4,3,6.2,2,5,4,2,129,budget,7,23,51.02,4,2,4.51,106,0.61,0.02,0.01,47,16,0.01,5,successful
IND_278,Indian,Starter,2,4,3,4,6.0,5,5,5,5,485,premium,22,12,121.57,4,2,4.41,213,0.46,0.07,0.01,70,34,0.03,4,successful
IND_279,Indian,Starter,4,2,3,4,7.7,4,3,3,2,419,mid,11,14,163.06,1,4,3.27,353,0.37,0.05,0.01,23,13,-0.03,5,successful
IND_280,Indian,Starter,5,2,4,5,6.6,4,5,5,2,163,budget,6,15,66.43,1,5,3.98,443,0.54,0.1,0.09,59,27,0.22,3,successful
IND_281,Indian,Main,4,3,4,3,7.1,3,5,2,5,473,premium,12,27,179.63,1,3,3.68,187,0.56,0.04,0.06,53,16,0.26,2,successful
IND_282,Indian,Dessert,5,1,4,3,5.2,3,2,3,5,352,mid,15,8,156.7,5,3,2.32,436,0.21,0.03,0.02,17,6,0.23,3,average
IND_283,Indian,Dessert,3,2,4,4,8.7,3,5,3,2,132,budget,25,24,42.93,2,2,4.57,71,0.32,0.05,0.02,58,32,0.06,5,successful
IND_284,Indian,Dessert,5,2,3,5,4.3,3,4,5,5,142,budget,24,27,36.57,2,5,3.85,75,0.51,0.15,0.04,27,10,-0.09,2,successful
IND_285,Indian,Starter,4,1,4,4,6.7,3,5,3,4,144,budget,8,30,40.3,4,5,3.39,373,0.55,0.03,0.04,30,11,0.16,5,successful
IND_286,Indian,Main,3,3,3,4,8.2,2,3,3,2,381,mid,8,7,163.46,4,4,3.27,412,0.45,0.07,0.07,32,10,0.22,3,successful
IND_287,Indian,Starter,3,2,2,2,9.8,2,5,5,2,287,mid,11,24,97.87,4,4,4.53,398,0.41,0.08,0.03,45,13,0.13,4,successful
IND_288,Indian,Main,5,1,2,2,5.2,5,5,5,3,306,mid,14,24,86.1,5,3,4.29,313,0.67,0.03,0.08,48,28,0.15,5,successful
IND_289,Indian,Main,2,1,5,5,8.0,5,3,3,4,398,mid,12,23,174.82,5,2,3.23,52,0.24,0.1,0.07,23,10,0.09,2,average
IND_290,Indian,Dessert,2,4,4,3,7.0,2,2,5,3,165,budget,14,12,62.62,1,2,3.48,186,0.3,0.09,0.06,42,24,0.08,3,successful
IND_291,Indian,Starter,1,4,2,2,6.8,4,5,2,2,335,mid,21,6,103.62,3,3,3.81,71,0.5,0.07,0.08,44,25,0.03,2,successful
IND_292,Indian,Main,4,4,5,4,8.8,5,2,4,4,202,budget,22,27,53.21,2,3,4.04,152,0.5,0.12,0.07,55,30,0.2,3,successful
IND_293,Indian,Starter,4,2,4,4,7.7,4,5,4,2,167,budget,16,19,57.99,5,2,4.25,302,0.59,0.11,0.03,53,28,0.32,2,successful
IND_294,Indian,Main,3,2,3,3,9.8,5,2,2,5,156,budget,7,8,44.14,1,3,2.96,134,0.36,0.12,0.03,46,21,-0.08,4,successful
IND_295,Indian,Main,1,2,2,3,7.9,2,4,3,2,149,budget,21,25,47.26,5,4,3.84,432,0.39,0.11,0.07,55,23,0.0,3,successful
IND_296,Indian,Starter,3,3,4,2,7.3,4,3,5,4,262,mid,9,16,80.4,2,3,4.14,176,0.37,0.05,0.07,62,33,-0.07,2,successful
IND_297,Indian,Main,2,3,2,3,9.0,3,5,4,4,146,budget,22,27,37.51,3,4,4.08,259,0.51,0.05,0.03,62,26,0.1,3,successful
IND_298,Indian,Main,4,1,3,2,6.9,3,2,4,4,324,mid,23,26,90.53,5,5,2.96,87,0.42,0.16,0.02,35,13,0.05,3,successful
IND_299,Indian,Dessert,2,2,2,4,7.7,4,2,3,3,300,mid,5,7,107.3,4,2,3.52,231,0.31,0.07,0.06,54,30,0.03,3,successful
IND_300,Indian,Starter,3,2,4,5,8.7,4,5,4,2,338,mid,16,14,150.58,5,2,4.11,257,0.59,0.09,0.05,34,17,0.3,5,successful
IND_301,Indian,Starter,3,1,3,4,7.7,2,3,3,4,384,mid,15,7,167.67,5,5,2.79,239,0.37,0.06,0.02,31,14,0.31,3,successful
IND_302,Indian,Starter,3,2,3,3,9.7,4,5,2,4,605,premium,20,22,240.77,2,2,4.3,108,0.41,0.17,0.08,48,23,0.3,5,successful
IND_303,Indian,Starter,2,3,2,3,8.0,3,2,2,4,267,mid,24,28,86.07,4,5,3.11,351,0.43,0.18,0.08,32,16,-0.14,4,successful
IND_304,Indian,Dessert,2,2,3,5,8.2,3,4,5,3,291,mid,6,13,93.77,3,2,4.11,301,0.55,0.03,0.03,52,27,0.15,3,successful
IND_305,Indian,Dessert,2,2,2,5,6.6,4,4,4,4,188,budget,23,16,77.96,1,3,3.79,220,0.56,0.09,0.08,32,11,0.1,3,successful
IND_306,Indian,Dessert,2,2,4,4,10.0,2,5,5,2,136,budget,5,20,43.47,3,3,5.0,335,0.61,0.18,0.02,48,25,-0.09,3,successful
IND_307,Indian,Main,3,1,3,4,6.3,3,4,3,3,130,budget,18,27,52.34,1,2,2.81,277,0.41,0.03,0.02,39,17,-0.12,2,successful
IND_308,Indian,Dessert,4,4,3,2,8.1,4,2,2,2,555,premium,23,11,159.26,3,2,2.19,412,0.36,0.17,0.04,18,8,0.21,3,average
IND_309,Indian,Main,3,4,2,5,6.1,2,2,3,3,293,mid,22,5,130.3,1,3,3.19,392,0.37,0.13,0.02,41,13,0.27,5,successful
IND_310,Indian,Starter,5,1,4,5,4.4,3,5,2,4,179,budget,8,21,49.62,3,4,3.14,50,0.25,0.1,0.04,34,17,0.19,5,successful
IND_311,Indian,Starter,3,1,3,3,8.1,4,5,3,2,344,mid,10,5,154.71,4,2,3.89,297,0.53,0.03,0.02,41,19,-0.1,3,successful
IND_312,Indian,Starter,2,1,3,3,8.7,3,4,3,5,149,budget,18,28,52.12,5,4,4.09,440,0.55,0.08,0.05,50,21,0.09,4,successful
IND_313,Indian,Dessert,3,1,4,5,7.5,2,2,4,5,309,mid,25,9,79.09,1,2,3.25,43,0.54,0.08,0.06,27,13,-0.1,2,successful
IND_314,Indian,Starter,1,2,5,2,6.5,5,5,3,4,704,premium,20,21,212.84,3,2,4.29,46,0.73,0.16,0.02,47,26,0.07,2,successful
IND_315,Indian,Dessert,5,2,3,4,5.4,4,3,5,5,159,budget,17,20,64.05,5,5,3.76,380,0.47,0.1,0.05,31,9,-0.02,5,successful
IND_316,Indian,Starter,4,2,4,3,7.4,4,4,2,2,473,premium,9,16,151.25,5,2,3.55,350,0.37,0.04,0.04,36,14,0.18,3,successful
IND_317,Indian,Main,3,1,3,3,8.3,2,2,4,2,293,mid,5,22,92.36,4,5,3.46,245,0.33,0.13,0.06,54,22,0.05,2,successful
IND_318,Indian,Dessert,2,3,4,4,8.2,3,4,5,4,198,budget,14,16,87.89,2,5,4.53,433,0.35,0.16,0.03,42,16,0.14,3,successful
IND_319,Indian,Dessert,2,1,5,4,8.5,2,2,4,4,192,budget,21,20,64.4,3,2,3.6,184,0.43,0.07,0.06,35,14,-0.02,5,successful
IND_320,Indian,Main,5,2,3,3,7.5,3,2,3,5,204,budget,19,13,89.24,5,5,3.44,402,0.46,0.1,0.04,28,9,0.19,4,successful
IND_321,Indian,Starter,3,1,4,5,6.8,2,3,5,4,415,mid,10,13,160.76,2,5,3.49,106,0.31,0.06,0.08,39,18,0.07,2,successful
IND_322,Indian,Main,2,1,2,4,6.3,3,2,4,4,731,premium,10,25,307.39,4,2,2.52,72,0.26,0.07,0.02,39,22,0.19,2,unsuccessful
IND_323,Indian,Starter,2,1,4,5,8.9,3,3,2,2,747,premium,21,13,260.92,1,3,3.27,425,0.49,0.07,0.06,34,17,-0.03,5,successful
IND_324,Indian,Main,3,2,3,4,7.3,3,3,4,5,315,mid,23,6,109.64,3,2,3.33,246,0.39,0.06,0.03,46,15,0.09,4,successful
IND_325,Indian,Starter,4,1,4,4,6.0,2,2,3,4,646,premium,14,25,285.34,3,2,2.71,151,0.42,0.08,0.08,28,16,-0.02,2,average
IND_326,Indian,Main,2,3,3,3,8.6,3,5,4,5,155,budget,7,29,67.91,4,5,4.95,200,0.7,0.16,0.08,71,36,0.1,4,successful
IND_327,Indian,Dessert,4,1,3,4,6.2,4,5,2,2,544,premium,25,19,222.06,2,2,3.25,351,0.33,0.11,0.02,30,15,0.23,3,successful
IND_328,Indian,Starter,4,2,3,5,6.4,4,5,5,3,294,mid,23,15,120.51,2,2,4.3,123,0.47,0.08,0.08,52,15,-0.14,3,successful
IND_329,Indian,Starter,4,2,3,2,7.9,3,4,3,2,408,mid,18,24,123.23,1,4,3.25,320,0.27,0.13,0.04,49,21,0.19,2,average
IND_330,Indian,Starter,2,1,3,4,8.4,3,4,4,5,283,mid,18,11,104.71,3,3,3.97,239,0.59,0.02,0.09,36,15,-0.03,5,successful
IND_331,Indian,Starter,3,2,3,4,7.0,3,4,5,3,646,premium,18,28,238.66,1,2,4.24,56,0.44,0.06,0.08,67,38,0.33,2,successful
IND_332,Indian,Main,3,1,2,4,5.5,5,4,5,4,191,budget,6,23,54.6,2,5,4.43,269,0.37,0.07,0.05,36,12,-0.13,3,successful
IND_333,Indian,Starter,2,2,5,5,10.0,4,4,5,4,406,mid,13,21,126.92,2,4,4.95,281,0.72,0.04,0.08,63,33,-0.12,3,successful
IND_334,Indian,Main,3,3,3,3,9.5,2,5,4,3,689,premium,18,8,309.39,4,2,4.51,393,0.57,0.09,0.02,60,20,0.02,3,successful
IND_335,Indian,Starter,2,1,3,4,7.4,3,4,3,2,742,premium,10,18,322.09,2,5,3.78,198,0.27,0.13,0.06,39,18,0.33,4,successful
IND_336,Indian,Dessert,3,2,4,5,7.1,5,5,5,4,452,premium,15,6,172.32,4,4,5.0,405,0.8,0.15,0.02,73,39,-0.01,2,successful
IND_337,Indian,Dessert,4,1,2,5,3.1,5,2,5,4,150,budget,17,7,38.12,2,3,2.72,236,0.27,0.14,0.06,21,9,0.07,4,successful
IND_338,Indian,Dessert,2,1,2,2,9.2,4,2,4,3,364,mid,17,20,110.55,5,5,3.04,246,0.46,0.12,0.04,32,9,0.02,5,successful
IND_339,Indian,Dessert,4,2,3,2,6.4,3,5,2,4,361,mid,7,30,124.73,2,3,3.62,183,0.56,0.1,0.03,26,8,-0.13,2,successful
IND_340,Indian,Dessert,3,2,2,4,6.8,2,5,4,4,399,mid,7,29,139.92,1,5,3.75,123,0.58,0.03,0.04,50,19,0.21,5,successful
IND_341,Indian,Main,3,2,3,3,9.6,4,3,3,3,215,budget,24,13,91.23,1,5,3.64,32,0.4,0.02,0.06,40,16,0.18,5,successful
IND_342,Indian,Main,4,1,3,3,7.2,4,5,4,2,137,budget,5,11,37.32,1,3,4.63,137,0.55,0.04,0.03,67,37,0.12,2,successful
IND_343,Indian,Main,3,1,3,5,6.5,3,5,5,2,141,budget,9,28,55.06,4,5,3.84,260,0.49,0.05,0.06,55,17,-0.15,5,successful
IND_344,Indian,Main,2,1,5,3,7.7,4,2,5,5,381,mid,23,28,141.85,4,3,3.87,300,0.28,0.11,0.05,36,17,0.29,2,successful
IND_345,Indian,Main,2,3,3,5,7.2,4,5,5,2,156,budget,11,20,49.73,2,3,4.64,380,0.48,0.12,0.08,59,20,-0.0,5,successful
IND_346,Indian,Main,4,1,5,3,5.7,4,5,3,3,272,mid,20,9,77.43,2,5,3.14,242,0.52,0.1,0.03,37,22,0.03,4,successful
IND_347,Indian,Dessert,4,2,5,5,8.4,3,2,2,4,279,mid,24,12,76.48,2,5,2.44,204,0.36,0.14,0.07,29,16,0.28,2,average
IND_348,Indian,Main,3,1,4,3,6.1,5,5,2,2,502,premium,22,6,176.43,2,2,3.8,215,0.33,0.07,0.05,43,22,-0.1,4,successful
IND_349,Indian,Starter,5,2,3,4,6.6,2,3,5,5,151,budget,20,15,46.41,2,2,3.49,396,0.51,0.08,0.06,29,15,0.06,3,successful
IND_350,Indian,Dessert,2,1,5,3,7.6,5,5,5,4,176,budget,9,29,44.35,5,2,4.1,191,0.45,0.14,0.04,43,13,0.31,3,successful
IND_351,Indian,Starter,2,2,4,4,9.1,4,5,5,4,610,premium,16,5,253.39,5,3,5.0,258,0.67,0.16,0.06,62,26,0.02,5,successful
IND_352,Indian,Dessert,4,1,2,5,4.8,2,2,4,5,514,premium,21,22,157.69,1,4,2.83,417,0.38,0.02,0.08,33,12,0.27,4,successful
IND_353,Indian,Main,3,1,5,4,6.8,2,2,4,4,709,premium,16,8,184.02,1,5,2.89,407,0.2,0.07,0.03,39,18,0.21,3,average
IND_354,Indian,Main,4,4,3,5,7.6,3,5,3,2,382,mid,23,11,158.37,3,5,3.45,394,0.39,0.09,0.02,37,12,-0.04,2,successful
IND_355,Indian,Main,3,2,5,4,8.4,5,5,4,5,666,premium,19,27,290.51,4,5,4.79,103,0.58,0.1,0.05,75,34,0.11,3,successful
IND_356,Indian,Main,4,3,3,3,8.9,3,4,2,5,135,budget,16,23,41.57,5,3,3.02,186,0.51,0.07,0.05,42,14,0.14,2,successful
IND_357,Indian,Dessert,2,1,5,3,7.8,3,3,5,2,190,budget,16,7,80.58,4,5,4.05,319,0.47,0.07,0.04,58,31,-0.08,3,successful
IND_358,Indian,Dessert,3,1,4,5,7.3,5,5,3,4,199,budget,24,18,65.16,4,4,3.93,373,0.62,0.14,0.06,58,29,0.14,4,successful
IND_359,Indian,Main,4,1,3,4,6.3,2,3,2,3,378,mid,5,8,144.26,5,3,3.27,170,0.49,0.06,0.07,49,21,0.25,4,successful
IND_360,Indian,Starter,3,3,4,4,10.0,5,2,4,5,173,budget,5,21,54.23,3,2,3.2,80,0.4,0.07,0.02,44,15,0.33,3,successful
IND_361,Indian,Main,4,3,3,2,8.2,4,3,2,2,349,mid,8,15,97.19,3,4,2.88,91,0.22,0.06,0.06,26,11,0.1,2,average
IND_362,Indian,Dessert,3,1,3,4,6.1,5,5,2,5,172,budget,25,12,74.43,1,4,3.41,330,0.47,0.06,0.05,47,18,0.05,2,successful
IND_363,Indian,Dessert,4,2,4,5,7.0,3,4,3,3,666,premium,22,19,172.07,4,4,3.68,115,0.26,0.17,0.05,45,24,0.04,4,successful
IND_364,Indian,Main,3,4,4,2,6.4,4,2,3,2,272,mid,17,27,74.69,2,4,3.19,137,0.42,0.17,0.04,41,16,-0.02,5,successful
IND_365,Indian,Dessert,4,2,5,4,6.5,4,4,3,5,618,premium,5,27,171.03,1,5,2.82,34,0.39,0.09,0.08,37,19,0.12,2,average
IND_366,Indian,Dessert,3,1,3,3,7.1,5,2,4,5,633,premium,17,10,264.49,1,2,3.14,128,0.36,0.06,0.01,29,16,0.03,2,average
IND_367,Indian,Starter,3,2,5,4,8.3,3,3,5,4,155,budget,20,27,60.67,2,2,3.69,450,0.49,0.04,0.03,42,14,-0.05,3,successful
IND_368,Indian,Main,2,2,4,3,9.2,2,3,4,3,590,premium,11,26,150.23,5,4,4.08,262,0.29,0.09,0.06,52,28,0.01,5,successful
IND_369,Indian,Starter,3,2,3,4,7.2,5,5,4,2,564,premium,6,13,244.59,5,5,3.98,230,0.36,0.03,0.06,28,14,0.34,5,successful
IND_370,Indian,Dessert,3,2,2,3,8.8,3,3,4,4,200,budget,25,8,51.11,4,2,3.91,350,0.64,0.15,0.03,44,25,0.27,4,successful
IND_371,Indian,Starter,4,1,5,3,5.6,2,5,2,5,513,premium,7,6,222.3,4,4,3.73,385,0.29,0.04,0.08,40,15,0.16,2,successful
IND_372,Indian,Dessert,3,3,2,2,10.0,2,4,5,5,199,budget,18,12,84.16,5,2,4.61,267,0.69,0.16,0.06,46,26,0.24,5,successful
IND_373,Indian,Main,2,3,3,5,6.7,3,2,2,2,484,premium,23,30,202.39,5,3,2.61,161,0.28,0.1,0.06,22,7,-0.13,3,average
IND_374,Indian,Starter,3,2,5,5,9.2,4,4,3,3,329,mid,24,15,101.4,1,3,3.34,289,0.51,0.11,0.01,33,19,0.17,3,successful
IND_375,Indian,Dessert,5,3,4,4,7.7,5,5,4,4,603,premium,18,15,170.32,4,2,4.28,31,0.57,0.13,0.05,38,16,0.23,4,successful
IND_376,Indian,Dessert,4,1,2,4,4.8,5,3,2,4,129,budget,16,5,46.56,2,4,2.4,353,0.31,0.14,0.01,17,6,-0.06,4,successful
IND_377,Indian,Dessert,3,1,4,5,6.3,3,3,3,2,153,budget,8,5,63.69,2,5,3.24,86,0.34,0.05,0.05,33,13,-0.06,5,successful
IND_378,Indian,Dessert,3,3,2,4,7.1,3,3,3,3,643,premium,16,15,237.85,2,2,3.5,330,0.31,0.11,0.07,34,10,0.25,3,successful
IND_379,Indian,Dessert,2,1,3,4,8.9,5,3,2,5,483,premium,10,21,158.24,5,4,3.15,267,0.28,0.13,0.05,35,20,0.09,5,successful
IND_380,Indian,Main,5,2,2,5,4.8,2,3,3,3,310,mid,17,11,96.47,4,3,3.32,221,0.32,0.03,0.07,32,14,-0.03,2,successful
IND_381,Indian,Main,4,2,3,3,8.0,4,5,5,5,354,mid,16,30,123.73,3,5,4.1,256,0.38,0.12,0.04,31,17,0.11,2,successful
IND_382,Indian,Starter,3,3,5,5,10.0,2,2,2,4,189,budget,11,15,54.68,3,4,2.76,447,0.41,0.16,0.03,34,11,0.28,4,successful
IND_383,Indian,Main,3,1,3,2,7.5,4,4,5,5,456,premium,20,25,160.75,2,5,3.92,400,0.57,0.1,0.05,55,29,0.21,5,successful
IND_384,Indian,Dessert,3,1,3,2,7.6,4,3,5,5,176,budget,19,22,45.06,2,3,3.7,407,0.26,0.15,0.08,37,15,0.19,5,successful
IND_385,Indian,Starter,4,1,2,2,7.1,4,2,2,3,162,budget,23,25,66.39,5,5,3.09,134,0.51,0.03,0.04,34,13,0.33,4,successful
IND_386,Indian,Starter,3,3,5,3,7.3,3,2,5,2,145,budget,7,17,44.48,2,4,3.74,65,0.43,0.08,0.01,37,21,0.05,2,successful
IND_387,Indian,Main,2,2,2,4,8.1,5,2,5,3,146,budget,14,18,60.38,4,3,3.81,188,0.49,0.1,0.06,36,10,-0.08,2,successful
IND_388,Indian,Main,4,3,3,3,9.2,3,4,5,5,397,mid,6,28,106.48,4,4,4.77,394,0.71,0.08,0.08,69,29,-0.06,5,successful
IND_389,Indian,Main,2,1,3,4,7.8,3,2,5,2,140,budget,13,25,50.06,1,3,4.12,240,0.7,0.11,0.09,31,10,0.23,4,successful
IND_390,Indian,Main,4,1,5,3,4.9,4,3,2,5,129,budget,25,27,49.68,4,5,2.3,234,0.36,0.08,0.01,18,10,0.01,5,successful
IND_391,Indian,Starter,3,1,2,5,4.9,2,3,5,3,321,mid,10,10,134.08,5,2,3.1,93,0.38,0.08,0.02,43,21,-0.07,4,successful
IND_392,Indian,Starter,4,1,3,4,5.4,2,3,5,2,717,premium,25,26,281.98,1,5,3.8,257,0.29,0.02,0.07,52,30,0.04,3,successful
IND_393,Indian,Main,2,1,4,2,6.2,5,2,2,4,207,budget,7,12,91.44,1,3,2.64,52,0.29,0.04,0.04,31,11,-0.05,5,successful
IND_394,Indian,Starter,3,1,4,4,7.2,3,2,4,4,121,budget,17,25,37.9,4,3,3.15,63,0.43,0.06,0.06,23,13,0.06,5,successful
IND_395,Indian,Starter,1,3,3,3,8.4,3,4,2,4,648,premium,9,15,184.72,3,5,2.88,39,0.38,0.11,0.04,36,13,0.14,2,average
IND_396,Indian,Starter,3,3,2,4,7.0,2,4,3,5,199,budget,7,6,55.22,4,4,3.14,222,0.28,0.03,0.08,38,22,0.22,4,successful
IND_397,Indian,Main,4,2,3,3,7.6,2,5,4,2,213,budget,15,15,63.57,5,2,4.75,370,0.8,0.15,0.07,42,23,0.11,3,successful
IND_398,Indian,Main,2,2,2,2,10.0,2,5,2,3,201,budget,9,11,55.3,2,3,3.68,70,0.41,0.09,0.02,32,13,0.15,4,successful
IND_399,Indian,Dessert,4,3,2,3,8.2,3,4,5,2,351,mid,17,10,120.79,4,5,4.68,449,0.77,0.1,0.07,50,16,0.3,4,successful
IND_400,Indian,Main,4,4,3,3,10.0,3,4,5,5,366,mid,14,17,132.65,4,2,4.47,396,0.52,0.04,0.03,31,13,0.21,5,successful
